salt,address
0xe23e0f1cc689c1467a89ab65566f52d6258dc556f981317c6ca919c14768715a,0x0000275a018Acb0980742B32e65b8B2513FD66AA
0xb94f12bc3998a10c1ab11bf2a874c787737cd0ac4bf6264facf9913b90d3c737,0x0000b910922aecaA5E646A8c4e108705a8dFE448
0x73aee4a6ecf253fe25d43167cdd61918c15552d3e02196f0f77a80bcb0ad6d3f,0x0000CBe0775C3b98B8F5c71dd994fB85Be4daf2C
0x501645d50e942b312488c0ab0a1918c9c339fe74df7bf109843563930c9beed0,0x00000e6A94815A1377D3c0207Cdc875131675259
0x0755407f1ceb1bd22b2f8ec810f6851a10323f1ab3e11d2aed37e7cd520cdcab,0x0000aDfde0863C4c5049320FeeCd1d84e5529baC
0xccf12a5d1360d0bf451702a00dadb68cef8ac89885cb27acd0307233df99e120,0x0000D4F5B131e10f7Ec22Df2de9cbcA8fb1CC75E
0x3f087b758e8205fa4d3cdcb5ca21a550b67a11a84e4c2556fe467eecc5001966,0x0000cAE809546ba24a99885C2cAA5f2F13df78EA
0x8b6383430f00b57e58d3c2f6ce3e026fe08a4299c85b850c02a134b58e4afa7f,0x000014447b0C2BA51844Ba8B17dbb9a77de16C76
0x37e12b731eaecdbee94f5dd8fe4b222502e347b9ecda2630789c619ed3a5a486,0x000027f0b9bdFd0B6cA2939f3077Ec5E4210DdDF
0x9b97a0b5c3a30039ffc18b6c55b7a36a53a48b9ccdac7f1b63c722124d015a1e,0x0000fdbD74f4C5C8d9378A3F2f35bACE1320E951
0x5ca9e3ded97414de043cc4a57561a78842e22179b13a14c99d867565b46e1d60,0x00006AdCbd58efa81eD38c89B028e4b03c748813
0x946afc70938824040a6d80d69b8e9a38ebbd34c8e021d9c5ce281d43dc21c17c,0x000038F5f3e2D4a9eF3E75e10773D0d9E6B042F6
0x5198680689185114887c84ed1c6fb7f665e09db45f85f7143c3881207d4f5269,0x0000121DC249D095d0d9D4fCb72DF531799dCf42
0xc6f8d9aab75b80439aad34b1e7f04d102874286d957e8858a02c344b0361a8e0,0x0000ce3af0d27251f30E5e3e8EDC67DA0334e7F7
0x658264bf7c104785c44f04eec42f0fe9b90e4e038fc941688b3e1e1891777291,0x00002E877a0f0DbEdbee1C0c297d3F41B0488979
0xc81a0e82e57976d654f25e5c227ec85ff39fc493fb598c99cd1aa65292597a69,0x000008Bc7A1092a9b8794d048D51051403Da8825
0xe9e74da4ee6f038123b0052e89727f02427967f757b48a8ef456ea44813df2e4,0x0000006213f644e1f007550bCfcA576e706B612b
0x9add7a6c7980c815b7f5f635dd03bf534c369d9dc525884b89ec48084da1b4db,0x00004D55b69643334CcA2256E17a2b1C740aA092
0xe798c64c91b1852378ac836b1b102706e614d3bbafa41acade36521a4d727f70,0x0000e659C80cbCE6811C82ea8585ED84b7A7dF2C
0x5ada1bff32943a78566b344d478ac9c72cbd6b2c713721e29adfa24adbc46e13,0x0000e764Ae5E05423E359E89143B3426a10Ef466
0x8238a630315c26f01457a161d69bf041b2160852aa2c278d1b2ebac1ba15eb93,0x0000fd9b19F9b57b75bd96963C65d60F1f177E41
0xc6f8d9aab75b80439aad34b1e7f04d102874286d957e8858a02c344b0361a8e0,0x0000ce3af0d27251f30E5e3e8EDC67DA0334e7F7
0x9add7a6c7980c815b7f5f635dd03bf534c369d9dc525884b89ec48084da1b4db,0x00004D55b69643334CcA2256E17a2b1C740aA092
0x73aee4a6ecf253fe25d43167cdd61918c15552d3e02196f0f77a80bcb0ad6d3f,0x0000CBe0775C3b98B8F5c71dd994fB85Be4daf2C
0xb94f12bc3998a10c1ab11bf2a874c787737cd0ac4bf6264facf9913b90d3c737,0x0000b910922aecaA5E646A8c4e108705a8dFE448
0x501645d50e942b312488c0ab0a1918c9c339fe74df7bf109843563930c9beed0,0x00000e6A94815A1377D3c0207Cdc875131675259
0xe23e0f1cc689c1467a89ab65566f52d6258dc556f981317c6ca919c14768715a,0x0000275a018Acb0980742B32e65b8B2513FD66AA
0xccf12a5d1360d0bf451702a00dadb68cef8ac89885cb27acd0307233df99e120,0x0000D4F5B131e10f7Ec22Df2de9cbcA8fb1CC75E
0x9b97a0b5c3a30039ffc18b6c55b7a36a53a48b9ccdac7f1b63c722124d015a1e,0x0000fdbD74f4C5C8d9378A3F2f35bACE1320E951
0x946afc70938824040a6d80d69b8e9a38ebbd34c8e021d9c5ce281d43dc21c17c,0x000038F5f3e2D4a9eF3E75e10773D0d9E6B042F6
0x0755407f1ceb1bd22b2f8ec810f6851a10323f1ab3e11d2aed37e7cd520cdcab,0x0000aDfde0863C4c5049320FeeCd1d84e5529baC
0xe798c64c91b1852378ac836b1b102706e614d3bbafa41acade36521a4d727f70,0x0000e659C80cbCE6811C82ea8585ED84b7A7dF2C
0x3f087b758e8205fa4d3cdcb5ca21a550b67a11a84e4c2556fe467eecc5001966,0x0000cAE809546ba24a99885C2cAA5f2F13df78EA
0x8b6383430f00b57e58d3c2f6ce3e026fe08a4299c85b850c02a134b58e4afa7f,0x000014447b0C2BA51844Ba8B17dbb9a77de16C76
0x37e12b731eaecdbee94f5dd8fe4b222502e347b9ecda2630789c619ed3a5a486,0x000027f0b9bdFd0B6cA2939f3077Ec5E4210DdDF
0x5ca9e3ded97414de043cc4a57561a78842e22179b13a14c99d867565b46e1d60,0x00006AdCbd58efa81eD38c89B028e4b03c748813
0x5198680689185114887c84ed1c6fb7f665e09db45f85f7143c3881207d4f5269,0x0000121DC249D095d0d9D4fCb72DF531799dCf42
0x658264bf7c104785c44f04eec42f0fe9b90e4e038fc941688b3e1e1891777291,0x00002E877a0f0DbEdbee1C0c297d3F41B0488979
0xc81a0e82e57976d654f25e5c227ec85ff39fc493fb598c99cd1aa65292597a69,0x000008Bc7A1092a9b8794d048D51051403Da8825
0xe9e74da4ee6f038123b0052e89727f02427967f757b48a8ef456ea44813df2e4,0x0000006213f644e1f007550bCfcA576e706B612b
0x5ada1bff32943a78566b344d478ac9c72cbd6b2c713721e29adfa24adbc46e13,0x0000e764Ae5E05423E359E89143B3426a10Ef466
0x8238a630315c26f01457a161d69bf041b2160852aa2c278d1b2ebac1ba15eb93,0x0000fd9b19F9b57b75bd96963C65d60F1f177E41
